Expediente,Órgano contratante,Tipo organismo,Objeto del contrato,CPV,Importe (€),Estado,Fecha límite,Días restantes,Prioridad,Enlace expediente,Detectada el,Notas del agente,Revisado,Asignado a,Notas comerciales
PLI-02522.2,ENUSA Industrias Avanzadas,Otro organismo público,"Suministro, implantación y puesta en servicio de una plataforma de firma electrónica",48451000,39085,Resuelta,2026-06-29,,Baja,https://contrataciondelestado.es/sindicacion/licitacionesPerfilContratante/19900177,2026-09-17,Encaje directo por código CPV,,,
A35-0926,Compañía (Unidad de Medios Internos),Otro organismo público,Solución para el cumplimiento de envío al Suministro Inmediato de Información,48440000,48400,Abierta,2026-10-13,15,Alta,https://contrataciondelestado.es/sindicacion/licitacionesPerfilContratante/20434696,2026-09-17,Encaje directo por código CPV,,,
F-0007-26(F)-AB,FORTA,Otro organismo público,Asesoramiento y consultoría en Gestión de Recursos Humanos,79414000,45980,Abierta,2026-09-30,2,Media,https://contrataciondelestado.es/sindicacion/licitacionesPerfilContratante/20416844,2026-09-17,Detectada por el texto del objeto,,,
SUM-01-2026,Fundación Universidad Pablo de Olavide,Universidad,"Licencias, implantación, integraciones y migración",48451000,102028,En evaluación,2026-07-23,,Baja,https://contrataciondelestado.es/sindicacion/licitacionesPerfilContratante/20000976,2026-09-17,Encaje directo por código CPV,,,
2298/2026,Ayuntamiento de Vinarós,Ayuntamiento,"Suministro, implantación y mantenimiento del sistema de gestión de nómina y RRHH",72268000,276788,En evaluación,2026-09-09,,Baja,https://contrataciondelestado.es/sindicacion/licitacionesPerfilContratante/20356553,2026-09-17,Detectada por el texto del objeto,,,
CON21-2025/0418,Ayuntamiento de Logroño,Ayuntamiento,"Sistema para la gestión de RRHH, nómina, presupuesto y contabilidad",48900000,580256,Adjudicada,2026-03-02,,Baja,https://contrataciondelestado.es/sindicacion/licitacionesPerfilContratante/18934459,2026-09-17,Detectada por el texto del objeto,,,
SGES.PLG.26.001-1.0,SEPIDES Gestión,Otro organismo público,"Gestión de nóminas, seguridad social, contratación e IRPF",79631000,4840,Abierta,2026-09-28,0,Media,https://contrataciondelestado.es/sindicacion/licitacionesPerfilContratante/20435273,2026-09-17,Encaje directo por código CPV,,,
MY25/ASIC/SE/56,Universitat Politècnica de València,Universidad,Mantenimiento de UNIVERSITAS XXI - Recursos Humanos y servicios gestionados,72267100,882417,Resuelta,2025-11-05,,Baja,https://contrataciondelestado.es/sindicacion/licitacionesPerfilContratante/18735842,2026-09-17,Detectada por el texto del objeto,,,
CEA3936/2026,Racionalización y Centralización de la Contratación,Otro organismo público,Mantenimiento de aplicaciones de gestión económica y de personal,72000000,476334,Adjudicada,,,Baja,https://contrataciondelestado.es/sindicacion/licitacionesPerfilContratante/20435337,2026-09-17,Detectada por el texto del objeto,,,
35397/26,CSIC,Otro organismo público,Apoyo a la gestión de la plataforma de teleformación,72514000,73631,En evaluación,2026-09-14,,Baja,https://contrataciondelestado.es/sindicacion/licitacionesPerfilContratante/20139057,2026-09-17,Detectada por el texto del objeto,,,
26AS0130,Museo Nacional del Prado,Otro organismo público,Mantenimiento del sistema de control horario,50312600,10919,Resuelta,2026-06-01,,Baja,https://contrataciondelestado.es/sindicacion/licitacionesPerfilContratante/19655799,2026-09-17,Detectada por el texto del objeto,,,
E/055/26,Puertos del Estado,Otro organismo público,Sistema integral de gestión de recursos humanos para Puertos del Estado,72212450,267864,Abierta,2026-10-13,15,Alta,https://contrataciondelestado.es/sindicacion/licitacionesPerfilContratante/20426512,2026-09-17,Encaje directo por código CPV,,,
55/2026,Diputado del Común,Otro organismo público,Sistema Integral de Gestión del Control Horario del personal,"35125200,48450000",22711,En evaluación,2026-07-23,,Baja,https://contrataciondelestado.es/sindicacion/licitacionesPerfilContratante/20000819,2026-09-17,Encaje directo por código CPV,,,
39/2026,Ayuntamiento de Chiclana de la Frontera,Ayuntamiento,Sistema informático para la gestión integral de personal,48000000,177870,Adjudicada,2026-08-03,,Baja,https://contrataciondelestado.es/sindicacion/licitacionesPerfilContratante/19979785,2026-09-17,Detectada por el texto del objeto,,,
136/2026,Ayuntamiento de Aliseda,Ayuntamiento,Asesoramiento y gestión laboral y fiscal,79631000,29040,Adjudicada,2026-07-30,,Baja,https://contrataciondelestado.es/sindicacion/licitacionesPerfilContratante/20010320,2026-09-17,Encaje directo por código CPV,,,
26/032,Ferrocarrils de la Generalitat Valenciana,Comunidad Autónoma,"Mantenimiento funcional de productos SAP, excepto nómina",72000000,118156,Resuelta,2026-06-25,,Baja,https://contrataciondelestado.es/sindicacion/licitacionesPerfilContratante/20417041,2026-09-17,Detectada por el texto del objeto,,,
1282/2025,Ayuntamiento de La Robla,Ayuntamiento,"Gestión de nóminas, contratos y asesoramiento laboral y fiscal",79000000,53961,En evaluación,2026-08-10,,Baja,https://contrataciondelestado.es/sindicacion/licitacionesPerfilContratante/20093508,2026-09-17,Detectada por el texto del objeto,,,
CP00207/2025,ASEPEYO,Otro organismo público,Contratación mixta suministro de software ERP,48451000,378730,Adjudicada,2026-05-27,,Baja,https://contrataciondelestado.es/sindicacion/licitacionesPerfilContratante/19579860,2026-09-17,Encaje directo por código CPV,,,
2026067218,Diputación de Pontevedra,Diputación,Asistencia letrada RRHH,79100000,484,Resuelta,,,Baja,https://contrataciondelestado.es/sindicacion/licitacionesPerfilContratante/20427138,2026-09-17,Detectada por el texto del objeto,,,
NS/2026/0000000391,Sociedad Mercantil Estatal de Gestión,Otro organismo público,"Suscripción, soporte y mantenimiento del programa de gestión de nóminas A3INNUVA",48000000,56513,Resuelta,2026-07-20,,Baja,https://contrataciondelestado.es/sindicacion/licitacionesPerfilContratante/20427165,2026-09-17,Detectada por el texto del objeto,,,
25/2026,Ayuntamiento de Benicarló,Ayuntamiento,"Continuidad, soporte y mantenimiento de plataforma económico-financiera y de RRHH, nómina y seguros sociales",72267000,876173,Abierta,2026-09-07,-21,Media,https://contrataciondelestado.es/sindicacion/licitacionesPerfilContratante/20356527,2026-09-17,Detectada por el texto del objeto,,,
2026/S00042,Universidad de Valladolid,Universidad,Mantenimiento de la plataforma UXXI-Recursos Humanos,72267000,173471,Adjudicada,2026-09-03,,Baja,https://contrataciondelestado.es/sindicacion/licitacionesPerfilContratante/20415984,2026-09-17,Detectada por el texto del objeto,,,
T-SER 30.6/3.2026,Transportes Interurbanos de Tenerife,Empresa pública,Soporte funcional y técnico del sistema de gestión e información,72000000,136960,Adjudicada,2026-05-05,,Baja,https://contrataciondelestado.es/sindicacion/licitacionesPerfilContratante/19357560,2026-09-17,Detectada por el texto del objeto,,,
2.2.49/26,Gobierno de Cantabria,Comunidad Autónoma,Reposición parcial del sistema de control horario,35125200,30855,Abierta,2026-09-29,1,Media,https://contrataciondelestado.es/sindicacion/licitacionesPerfilContratante/20416361,2026-09-17,Encaje directo por código CPV,,,
260054,CNMC,Otro organismo público,Soporte y actualización de licencias del software de control de presencia y visitas EVALOS,72611000,104695,Resuelta,2026-08-03,,Baja,https://contrataciondelestado.es/sindicacion/licitacionesPerfilContratante/20338105,2026-09-17,Detectada por el texto del objeto,,,
2944/2026,Ayuntamiento de Alboraya,Ayuntamiento,"Actualización, soporte y mantenimiento de la aplicación de gestión de RRHH",72267100,42689,Resuelta,2026-07-15,,Baja,https://contrataciondelestado.es/sindicacion/licitacionesPerfilContratante/20287386,2026-09-17,Detectada por el texto del objeto,,,
31/2026,Mataderos Insulares de Gran Canaria,Otro organismo público,Servicio integral de control de horario del personal,35125200,21400,Resuelta,2026-08-05,,Baja,https://contrataciondelestado.es/sindicacion/licitacionesPerfilContratante/20106747,2026-09-17,Encaje directo por código CPV,,,
CT_RH-NOM-SE-2601,Correos Telecom,Otro organismo público,"Solución integral de gestión de recursos humanos, incluida elaboración de nómina","79631000,48450000",72600,Abierta,2026-10-12,14,Alta,https://contrataciondelestado.es/sindicacion/licitacionesPerfilContratante/20416687,2026-09-17,Encaje directo por código CPV,,,
8319/2026,Ayuntamiento de Soria,Ayuntamiento,Soporte y mantenimiento de la aplicación de control de presencia,72267000,2606,Resuelta,2026-03-27,,Baja,https://contrataciondelestado.es/sindicacion/licitacionesPerfilContratante/20317574,2026-09-17,Detectada por el texto del objeto,,,
14/26,Autoridad Portuaria de Marín y Ría de Pontevedra,Autoridad portuaria,Implantación y mantenimiento de solución para la gestión integral de RRHH,72130000,280115,Abierta,2026-09-28,0,Media,https://contrataciondelestado.es/sindicacion/licitacionesPerfilContratante/20416752,2026-09-17,Detectada por el texto del objeto,,,
229/2026,Mancomunidad Intermunicipal Alto Palancia,Mancomunidad,Sistema integral y centralizado de control horario y gestión de presencia,35125200,13100,Abierta,2026-09-29,1,Media,https://contrataciondelestado.es/sindicacion/licitacionesPerfilContratante/20416832,2026-09-17,Encaje directo por código CPV,,,
IN0072/2026,Instituto de Salud Carlos III,Sanidad,"Licencias, hardware y mantenimiento para el control horario (NETTIME)",35125200,21309,Adjudicada,2026-07-06,,Baja,https://contrataciondelestado.es/sindicacion/licitacionesPerfilContratante/20417049,2026-09-17,Encaje directo por código CPV,,,
T26009601,TUSSAM (Sevilla),Otro organismo público,"Migración, desarrollo y mantenimiento del portal del empleado",72262000,134927,En evaluación,2026-03-25,,Baja,https://contrataciondelestado.es/sindicacion/licitacionesPerfilContratante/19207359,2026-09-17,Detectada por el texto del objeto,,,
16-26 AA,Servicios para la Salud y Seguridad en Canarias,Sanidad,Licencias de uso de plataforma RRHH y gestión de nóminas y contratación,48443000,421580,Abierta,2026-10-13,15,Media,https://contrataciondelestado.es/sindicacion/licitacionesPerfilContratante/20417389,2026-09-17,Detectada por el texto del objeto,,,
CB-SS 02/2026,Consorcio Provincial de Prevención y Extinción,Consorcio,Plataforma de gestión integral de RRHH y gestión tributaria,48450000,131161,Adjudicada,2026-07-07,,Baja,https://contrataciondelestado.es/sindicacion/licitacionesPerfilContratante/19910870,2026-09-17,Encaje directo por código CPV,,,
2026/035260,Radiotelevisión de Castilla-La Mancha,Otro organismo público,Software Control Horario,48450000,30250,Adjudicada,2026-08-31,,Baja,https://contrataciondelestado.es/sindicacion/licitacionesPerfilContratante/20078071,2026-09-17,Encaje directo por código CPV,,,
2026/22706/029,Agencia Española de Medicamentos,Comunidad Autónoma,Soporte y mantenimiento del sistema NEDAES para la gestión de nóminas,79211110,41256,En evaluación,2026-08-17,,Baja,https://contrataciondelestado.es/sindicacion/licitacionesPerfilContratante/20233415,2026-09-17,Detectada por el texto del objeto,,,
35/2026 SV PA,Diputación de Cáceres,Diputación,Consultoría estratégica y asistencia técnica,71317210,72600,Abierta,2026-09-03,-25,Media,https://contrataciondelestado.es/sindicacion/licitacionesPerfilContratante/20297327,2026-09-17,Detectada por el texto del objeto,,,
ITVA/2026/139,ITVASA (Asturias),Otro organismo público,"Gestión externalizada de nóminas y RRHH, portal del empleado y control de presencia",48450000,178354,Resuelta,2026-07-07,,Baja,https://contrataciondelestado.es/sindicacion/licitacionesPerfilContratante/19910824,2026-09-17,Encaje directo por código CPV,,,
SDA/2026/SPTD0/0005,Sociedad de Proyectos para la Transformación Digital,Otro organismo público,Licencias y mantenimiento de Sage 200c para gestión integral,30200000,8616,Resuelta,2026-09-07,,Baja,https://contrataciondelestado.es/sindicacion/licitacionesPerfilContratante/20417862,2026-09-17,Detectada por el texto del objeto,,,
CONTR 2026/6157,Consejería de Educación y Universidades,Universidad,Mejora de los programas de nóminas del personal docente,72000000,1010112,En evaluación,2026-07-06,,Baja,https://contrataciondelestado.es/sindicacion/licitacionesPerfilContratante/19829958,2026-09-17,Detectada por el texto del objeto,,,
3441/2025,Ayuntamiento de L'Alcora,Ayuntamiento,Control horario del personal,51213000,7000,Resuelta,2025-07-04,,Baja,https://contrataciondelestado.es/sindicacion/licitacionesPerfilContratante/17501821,2026-09-17,Detectada por el texto del objeto,,,
2026/7015,Gerencia de Informática de la Seguridad Social,Otro organismo público,Mantenimiento de equipos de control de presencia,50312600,203802,Abierta,2026-09-07,-21,Media,https://contrataciondelestado.es/sindicacion/licitacionesPerfilContratante/19829953,2026-09-17,Detectada por el texto del objeto,,,
2026/3120014825/205,Fundación Estatal para la Formación en el Empleo,Fundación,Mantenimiento y desarrollo del producto de Gestión de RRHH Meta4 E-mind,72600000,49713,Resuelta,2026-07-03,,Baja,https://contrataciondelestado.es/sindicacion/licitacionesPerfilContratante/20255855,2026-09-17,Detectada por el texto del objeto,,,
CEA3845/2026,Racionalización y Centralización de la Contratación,Otro organismo público,"Soporte de infraestructura, consultoría, análisis y desarrollo",72000000,66726,Resuelta,,,Baja,https://contrataciondelestado.es/sindicacion/licitacionesPerfilContratante/20418208,2026-09-17,Detectada por el texto del objeto,,,
A01_2026,Gestión de Emergencias de las Illes Balears,Otro organismo público,Implantación y mantenimiento de software de gestión de RRHH,72200000,52381,Adjudicada,2026-06-17,,Baja,https://contrataciondelestado.es/sindicacion/licitacionesPerfilContratante/19746549,2026-09-17,Detectada por el texto del objeto,,,
3067/2025,Ayuntamiento de Cenes de la Vega,Ayuntamiento,"Migración, actualización y mantenimiento de la plataforma integrada de gestión de personal",72267000,18737,Adjudicada,2026-07-22,,Baja,https://contrataciondelestado.es/sindicacion/licitacionesPerfilContratante/19994034,2026-09-17,Detectada por el texto del objeto,,,
2025/3120014168/186,Fundación Estatal para la Formación en el Empleo,Fundación,Gestión de nóminas y procesos relacionados con su cálculo,79631000,300080,Adjudicada,2025-07-08,,Baja,https://contrataciondelestado.es/sindicacion/licitacionesPerfilContratante/17438716,2026-09-17,Encaje directo por código CPV,,,
1739/2026,Ayuntamiento de Alcalà de Xivert,Ayuntamiento,"Suscripción, mantenimiento y soporte de la aplicación de gestión de RRHH",72267000,18600,Resuelta,2026-07-20,,Baja,https://contrataciondelestado.es/sindicacion/licitacionesPerfilContratante/20379291,2026-09-17,Detectada por el texto del objeto,,,
2026/00045,Universidad de Córdoba,Universidad,Mantenimiento UXXI incluido Recursos Humanos,72000000,469631,Resuelta,2026-06-16,,Baja,https://contrataciondelestado.es/sindicacion/licitacionesPerfilContratante/19994680,2026-09-17,Detectada por el texto del objeto,,,
LICT/99/031/2024/0068,FREMAP,Otro organismo público,"Adquisición, implantación y soporte técnico de un sistema de gestión de RRHH",72222300,5795900,Resuelta,2024-09-19,,Baja,https://contrataciondelestado.es/sindicacion/licitacionesPerfilContratante/15528441,2026-09-17,Detectada por el texto del objeto,,,
FFIS/2026/1 BIS,Fundación Formación e Investigación Sanitarias Murcia,Sanidad,Soporte y actualización de la aplicación de gestión integral de RRHH,50324100,4850,Resuelta,2026-05-25,,Baja,https://contrataciondelestado.es/sindicacion/licitacionesPerfilContratante/19763013,2026-09-17,Detectada por el texto del objeto,,,
8350/2026,Ayuntamiento de Moguer,Ayuntamiento,"Mantenimiento, soporte y actualización de la aplicación de gestión y control de presencia",72267000,4574,Resuelta,2026-08-26,,Baja,https://contrataciondelestado.es/sindicacion/licitacionesPerfilContratante/20363371,2026-09-17,Detectada por el texto del objeto,,,
325/26,Diputación de Badajoz,Diputación,"Software de gestión de nóminas, RPT y control horario en entidades locales",48450000,529980,En evaluación,2026-08-10,,Baja,https://contrataciondelestado.es/sindicacion/licitacionesPerfilContratante/19900703,2026-09-17,Encaje directo por código CPV,,,
11418/2026,Diputación de Segovia,Diputación,Aplicación para la gestión de turnos y control de fichaje en centros residenciales,48450000,19844,En evaluación,2026-08-28,,Baja,https://contrataciondelestado.es/sindicacion/licitacionesPerfilContratante/20287536,2026-09-17,Encaje directo por código CPV,,,
SE13826002451,Universidad de Castilla-La Mancha,Universidad,Soporte técnico sobre la plataforma de control horario,72611000,4356,Resuelta,2026-06-15,,Baja,https://contrataciondelestado.es/sindicacion/licitacionesPerfilContratante/19779423,2026-09-17,Detectada por el texto del objeto,,,
14/26 VO,Ayuntamiento de Villaviciosa de Odón,Ayuntamiento,Implantación del Portal del Empleado y Control de Presencia en SaaS,"35125200,48450000",44856,Resuelta,2026-06-05,,Baja,https://contrataciondelestado.es/sindicacion/licitacionesPerfilContratante/19732188,2026-09-17,Encaje directo por código CPV,,,
1170/2026,Ayuntamiento de Ames,Ayuntamiento,Sistema de Control de Presencia del personal municipal,35125200,93562,En evaluación,2026-06-10,,Baja,https://contrataciondelestado.es/sindicacion/licitacionesPerfilContratante/19799174,2026-09-17,Encaje directo por código CPV,,,
C.02.C.25,Instituto Municipal de Vivienda de Fuenlabrada,Otro organismo público,"Asesoría y gestión laboral, contable y fiscal",79631000,24636,Adjudicada,2025-09-09,,Baja,https://contrataciondelestado.es/sindicacion/licitacionesPerfilContratante/17768935,2026-09-17,Encaje directo por código CPV,,,
EMVI/2026/0036/01,EMVISESA (Sevilla),Otro organismo público,Consultoría y asistencia a RRHH en procesos de selección,79414000,36075,Resuelta,2026-07-12,,Baja,https://contrataciondelestado.es/sindicacion/licitacionesPerfilContratante/19910567,2026-09-17,Detectada por el texto del objeto,,,
CMAYOR/2026/HLAFE/0012,Fundación Investigación Hospital La Fe,Sanidad,Servicios de gestoría laboral,79631000,34485,Resuelta,2026-06-26,,Baja,https://contrataciondelestado.es/sindicacion/licitacionesPerfilContratante/19854636,2026-09-17,Encaje directo por código CPV,,,
25/037/3AM,Empresa Municipal de Transportes de Madrid,Empresa pública,"Acuerdo marco de consultoría financiera, estrategia y gestión de proyectos",48451000,784458,Resuelta,2026-03-12,,Baja,https://contrataciondelestado.es/sindicacion/licitacionesPerfilContratante/19017429,2026-09-17,Encaje directo por código CPV,,,
7346/2023-C20/26,Ayuntamiento de Petrer,Ayuntamiento,Solución informática integral de Recursos Humanos en modalidad Cloud,48450000,273170,Abierta,2026-08-31,-28,Media,https://contrataciondelestado.es/sindicacion/licitacionesPerfilContratante/20098319,2026-09-17,Encaje directo por código CPV,,,
LIC-2025-SER001,Fundación Canaria Puertos de Las Palmas,Fundación,"Asesoramiento y gestión externa en las áreas laboral, fiscal y contable",79631000,63177,Adjudicada,2026-04-27,,Baja,https://contrataciondelestado.es/sindicacion/licitacionesPerfilContratante/19430003,2026-09-17,Encaje directo por código CPV,,,
EXP-02565.1,ENUSA Industrias Avanzadas,Otro organismo público,Renovación del software de gestión de turnos,48451000,11326,Adjudicada,2026-07-10,,Baja,https://contrataciondelestado.es/sindicacion/licitacionesPerfilContratante/20367676,2026-09-17,Encaje directo por código CPV,,,
CP00006/2026,ASEPEYO,Otro organismo público,Implantación y mantenimiento de sistema de gestión de nómina y control de presencia,79211110,753588,En evaluación,2026-07-23,,Baja,https://contrataciondelestado.es/sindicacion/licitacionesPerfilContratante/19871884,2026-09-17,Detectada por el texto del objeto,,,
52/2026,Ayuntamiento de Ávila,Ayuntamiento,"Suministro, implantación e integración con los sistemas corporativos municipales","72212450,48450000",230000,En evaluación,2026-08-18,,Baja,https://contrataciondelestado.es/sindicacion/licitacionesPerfilContratante/20060656,2026-09-17,Encaje directo por código CPV,,,
59/2023,Ayuntamiento de Majadahonda,Ayuntamiento,"Soporte y mantenimiento de WCRONOS, control de presencia",72267100,8015,Resuelta,2024-01-23,,Baja,https://contrataciondelestado.es/sindicacion/licitacionesPerfilContratante/14092883,2026-09-17,Detectada por el texto del objeto,,,
7332/2025,Gerencia Municipal de Urbanismo,Otro organismo público,Gestión de nóminas y boletines de cotización a la Seguridad Social,79631000,47004,En evaluación,2026-02-11,,Baja,https://contrataciondelestado.es/sindicacion/licitacionesPerfilContratante/18917030,2026-09-17,Encaje directo por código CPV,,,
878/2026,Ayuntamiento de Osuna,Ayuntamiento,Sistema de control y registro de jornada laboral,51213000,13431,En evaluación,2026-08-21,,Baja,https://contrataciondelestado.es/sindicacion/licitacionesPerfilContratante/20262261,2026-09-17,Detectada por el texto del objeto,,,
04101/2025/249-SER,Ajuntament de València,Ayuntamiento,Mantenimiento y soporte de los sistemas corporativos de gestión,72000000,24644118,Resuelta,2026-04-06,,Baja,https://contrataciondelestado.es/sindicacion/licitacionesPerfilContratante/19198106,2026-09-17,Detectada por el texto del objeto,,,
2025-00309,Autoridad Portuaria,Autoridad portuaria,"Licencias e implantación de plataforma de administración de RRHH, nómina y gestión",48450000,1223321,Resuelta,2026-04-07,,Baja,https://contrataciondelestado.es/sindicacion/licitacionesPerfilContratante/19087009,2026-09-17,Encaje directo por código CPV,,,
2025/00015978N,Consell Insular d'Eivissa,Otro organismo público,Implantación y mantenimiento de nuevo sistema de gestión de RRHH,50312000,404140,Resuelta,2025-12-29,,Baja,https://contrataciondelestado.es/sindicacion/licitacionesPerfilContratante/18458546,2026-09-17,Detectada por el texto del objeto,,,
2026-074,Autoridad Portuaria de la Bahía de Algeciras,Autoridad portuaria,Despliegue y mantenimiento de una Suite de RRHH,72600000,137940,Abierta,2026-10-01,3,Media,https://contrataciondelestado.es/sindicacion/licitacionesPerfilContratante/20365604,2026-09-17,Detectada por el texto del objeto,,,
PASA/04/2025,Fundación Insular Formación y Empleo,Fundación,Servicio Integral de Control de Horarios del personal,35125200,3000,Resuelta,2025-10-13,,Baja,https://contrataciondelestado.es/sindicacion/licitacionesPerfilContratante/18055612,2026-09-17,Encaje directo por código CPV,,,
34/2026,Ayuntamiento de Páramo del Sil,Ayuntamiento,Gestoría laboral para elaboración de nóminas y seguros sociales,79631000,21780,Resuelta,2026-07-13,,Baja,https://contrataciondelestado.es/sindicacion/licitacionesPerfilContratante/19949514,2026-09-17,Encaje directo por código CPV,,,
743/2026,Ayuntamiento de Collado Mediano,Ayuntamiento,Programa informático para el control del horario y presencia,"35125200,48450000",5094,Adjudicada,2026-05-15,,Baja,https://contrataciondelestado.es/sindicacion/licitacionesPerfilContratante/19596029,2026-09-17,Encaje directo por código CPV,,,
23/2026 SARHA/SERV,Fundación Atención y Apoyo a la Dependencia,Fundación,Asesoramiento y gestión en materia laboral y de Seguridad Social,79631000,156119,Adjudicada,2026-07-08,,Baja,https://contrataciondelestado.es/sindicacion/licitacionesPerfilContratante/19853898,2026-09-17,Encaje directo por código CPV,,,
2026/CTT_01/000105,Ayuntamiento de Marchena,Ayuntamiento,Sistema de control de horario,72212450,15125,En evaluación,2026-09-14,,Baja,https://contrataciondelestado.es/sindicacion/licitacionesPerfilContratante/20361204,2026-09-17,Encaje directo por código CPV,,,
2025077417,Diputación de Pontevedra,Diputación,Acuerdo marco de software de gestión de control de presencia para entidades locales,35125200,3344217,En evaluación,2026-07-24,,Baja,https://contrataciondelestado.es/sindicacion/licitacionesPerfilContratante/19931380,2026-09-17,Encaje directo por código CPV,,,
2026/6449E,Ayuntamiento de Marratxí,Ayuntamiento,"Aplicación de nóminas A3Nom, instalación, configuración y migración",48000000,28870,Resuelta,2026-07-07,,Baja,https://contrataciondelestado.es/sindicacion/licitacionesPerfilContratante/19900500,2026-09-17,Detectada por el texto del objeto,,,
284/2026,Ayuntamiento de Culla,Ayuntamiento,"Implantación, licencia de uso y puesta a disposición de control horario","35125200,48450000",600,En evaluación,2026-08-17,,Baja,https://contrataciondelestado.es/sindicacion/licitacionesPerfilContratante/20139955,2026-09-17,Encaje directo por código CPV,,,
PSS/2026/0000085492,"Consejería de Economía, Empleo y Transformación Digital",Comunidad Autónoma,"Mantenimiento, evolución y gestión del ciclo de nómina y migración de datos",72222300,3148022,En evaluación,2026-09-25,,Baja,https://contrataciondelestado.es/sindicacion/licitacionesPerfilContratante/20232624,2026-09-17,Detectada por el texto del objeto,,,
18529/2026,Ayuntamiento de Puertollano,Ayuntamiento,"Suministro e implantación (instalación, formación, migración)",72267000,465088,En evaluación,2026-09-04,,Baja,https://contrataciondelestado.es/sindicacion/licitacionesPerfilContratante/20350140,2026-09-17,Detectada por el texto del objeto,,,
840/2026,Ayuntamiento de El Tanque,Ayuntamiento,Programa de control integral para la gestión de horarios del personal,"35125200,48450000",2628,En evaluación,2026-07-29,,Baja,https://contrataciondelestado.es/sindicacion/licitacionesPerfilContratante/20060220,2026-09-17,Encaje directo por código CPV,,,
SU3969/2026,Cabildo (Área Insular de Hacienda y RRHH),Otro organismo público,Sistema integral de control horario del personal,35125200,74768,Resuelta,2026-04-09,,Baja,https://contrataciondelestado.es/sindicacion/licitacionesPerfilContratante/19338305,2026-09-17,Encaje directo por código CPV,,,
62/2026,Consorcio IFMIF-DONES España,Consorcio,"Asesoramiento y gestión integral laboral, fiscal y económico-financiera",79631000,99825,Adjudicada,2026-07-23,,Baja,https://contrataciondelestado.es/sindicacion/licitacionesPerfilContratante/19979699,2026-09-17,Encaje directo por código CPV,,,
06/2026 NEG SG/DS,CDTI,Otro organismo público,Aplicación para la gestión de nómina y recursos humanos,48450000,573787,Resuelta,2026-06-29,,Baja,https://contrataciondelestado.es/sindicacion/licitacionesPerfilContratante/20040797,2026-09-17,Encaje directo por código CPV,,,
SUM-26-0283-PA,umivale Activa,Otro organismo público,"Migración a la nube, soporte y mantenimiento evolutivo",48000000,295119,Abierta,2026-09-25,-3,Media,https://contrataciondelestado.es/sindicacion/licitacionesPerfilContratante/20344575,2026-09-17,Detectada por el texto del objeto,,,
2026000067B,Ayuntamiento de San Sebastián de la Gomera,Ayuntamiento,Asesoramiento laboral y gestión de nóminas,79211110,36915,En evaluación,2026-05-15,,Baja,https://contrataciondelestado.es/sindicacion/licitacionesPerfilContratante/19596107,2026-09-17,Detectada por el texto del objeto,,,
ABR-2026000021,Ayuntamiento de Torre Pacheco,Ayuntamiento,Software y sistema integral para la gestión de RR.HH.,72267100,46958,Resuelta,2026-06-12,,Baja,https://contrataciondelestado.es/sindicacion/licitacionesPerfilContratante/19772645,2026-09-17,Detectada por el texto del objeto,,,
2026/00012504F,Ayuntamiento de Vila-real,Ayuntamiento,Programa de gestión integral de los recursos humanos en modalidad SaaS,48000000,250731,En evaluación,2026-08-12,,Baja,https://contrataciondelestado.es/sindicacion/licitacionesPerfilContratante/20138982,2026-09-17,Detectada por el texto del objeto,,,
7366/2026,Fundación Promoción del Empleo y la Formación,Fundación,Asesoramiento y gestión laboral del personal de Programas de Formación,79631000,51173,Resuelta,2026-08-17,,Baja,https://contrataciondelestado.es/sindicacion/licitacionesPerfilContratante/20232665,2026-09-17,Encaje directo por código CPV,,,
46/2026,Consorcio de la Zona Franca de Barcelona,Consorcio,"Implantación, licenciamiento SaaS y soporte de una solución",72263000,136609,Adjudicada,2026-07-27,,Baja,https://contrataciondelestado.es/sindicacion/licitacionesPerfilContratante/20026488,2026-09-17,Detectada por el texto del objeto,,,
Z09ASI2004,Consejería de Educación (Canarias),Comunidad Autónoma,Mantenimiento del sistema integrado de gestión de personal docente (Puntal),72267100,1858843,Adjudicada,2026-05-28,,Baja,https://contrataciondelestado.es/sindicacion/licitacionesPerfilContratante/19596676,2026-09-17,Detectada por el texto del objeto,,,
E2024-002,Grupo Energético de Puerto Real,Otro organismo público,Gestoría laboral mediante sistema de información integral,79631000,108392,Resuelta,2024-07-18,,Baja,https://contrataciondelestado.es/sindicacion/licitacionesPerfilContratante/15149761,2026-09-17,Encaje directo por código CPV,,,
A2026/012442,Consejería de Educación de Castilla y León,Comunidad Autónoma,Asistencia técnica para servicios de gestión de personal,72267000,546374,Abierta,2026-09-21,-7,Media,https://contrataciondelestado.es/sindicacion/licitacionesPerfilContratante/20329497,2026-09-17,Detectada por el texto del objeto,,,
2877138A,Ayuntamiento de Albaida,Ayuntamiento,"Implantación, puesta en marcha, soporte y mantenimiento de sistema de gestión integral",72500000,87689,En evaluación,2026-08-13,,Baja,https://contrataciondelestado.es/sindicacion/licitacionesPerfilContratante/20150871,2026-09-17,Detectada por el texto del objeto,,,
28394/2026,Ayuntamiento de Adeje,Ayuntamiento,Sistema dinámico de adquisición para suministro de software,"48450000,48451000,48440000",1605000,Abierta,2030-09-20,1453,Alta,https://contrataciondelestado.es/sindicacion/licitacionesPerfilContratante/20336224,2026-09-17,Encaje directo por código CPV,,,
04/2026,COFIVACASA (SEPI),Otro organismo público,Licencia de uso de software de fichaje horario en remoto y mantenimiento,"35125200,48450000",1248,Resuelta,2026-06-09,,Baja,https://contrataciondelestado.es/sindicacion/licitacionesPerfilContratante/19724374,2026-09-17,Encaje directo por código CPV,,,
79/2026,Fundación Canaria Fomento del Transporte,Fundación,Sistema integral de control horario del personal,35125200,8316,En evaluación,2026-06-03,,Baja,https://contrataciondelestado.es/sindicacion/licitacionesPerfilContratante/19705766,2026-09-17,Encaje directo por código CPV,,,
SER-TFC-02/2026,Viviendas Sociales e Infraestructuras de Canarias,Otro organismo público,Cesión del derecho de uso en modalidad SaaS,48450000,68480,Resuelta,2026-04-04,,Baja,https://contrataciondelestado.es/sindicacion/licitacionesPerfilContratante/19245900,2026-09-17,Encaje directo por código CPV,,,
2026/D22200/006-202/00007,Diputación de Almería,Diputación,Suscripción de una solución software de gestión integral,48000000,1738638,Abierta,2026-09-21,-7,Media,https://contrataciondelestado.es/sindicacion/licitacionesPerfilContratante/20328976,2026-09-17,Detectada por el texto del objeto,,,
3493 2026,Ayuntamiento de Villaquilambre,Ayuntamiento,Ampliación y adaptación a la nueva normativa del control de presencia,35125200,21154,En evaluación,2026-08-18,,Baja,https://contrataciondelestado.es/sindicacion/licitacionesPerfilContratante/20232210,2026-09-17,Encaje directo por código CPV,,,
202605PNG001,Ministerio de Sanidad,Otro organismo público,Mantenimiento de los dispositivos de fichaje y control de acceso físico,50316000,22763,Adjudicada,2026-06-09,,Baja,https://contrataciondelestado.es/sindicacion/licitacionesPerfilContratante/20329221,2026-09-17,Detectada por el texto del objeto,,,
SUMIN/ABR_SMPL/AY/2021000030,Ayuntamiento de Calahorra,Ayuntamiento,"Suministro e implantación de programa de nóminas, gestión de personal, portal de empleado y control",48000000,60000,Resuelta,2021-08-13,,Baja,https://contrataciondelestado.es/sindicacion/licitacionesPerfilContratante/7940859,2026-09-17,Detectada por el texto del objeto,,,
2026/039,Ayuntamiento de Cádiz,Ayuntamiento,Mantenimiento de la aplicación RH-SP de gestión de recursos humanos y nóminas,72267000,73334,Resuelta,2026-06-25,,Baja,https://contrataciondelestado.es/sindicacion/licitacionesPerfilContratante/20233309,2026-09-17,Detectada por el texto del objeto,,,
2026110001,Train Port Barcelona,Otro organismo público,"Asesoría fiscal, contable y laboral",79631000,65340,Resuelta,2026-05-08,,Baja,https://contrataciondelestado.es/sindicacion/licitacionesPerfilContratante/19550799,2026-09-17,Encaje directo por código CPV,,,
L26-SERV-06,Mogán Gestión Municipal,Otro organismo público,Gestión del tiempo de trabajo y control horario del personal,35125200,19260,Abierta,2026-09-02,-26,Media,https://contrataciondelestado.es/sindicacion/licitacionesPerfilContratante/20311203,2026-09-17,Encaje directo por código CPV,,,
1326,"IHOBE (Gestión Ambiental, País Vasco)",Otro organismo público,"Gestión, tramitación y asesoramiento en materia de nóminas y seguridad social",90720000,70000,Resuelta,2022-04-26,,Baja,https://contrataciondelestado.es/sindicacion/licitacionesPerfilContratante/9625422,2026-09-17,Detectada por el texto del objeto,,,
115/2026,Consell Comarcal del Moianès,Consell comarcal,Gestió administrativa laboral i assessorament,79631000,88497,En evaluación,2026-06-04,,Baja,https://contrataciondelestado.es/sindicacion/licitacionesPerfilContratante/19718783,2026-09-17,Encaje directo por código CPV,,,
X2026000658,Mancomunitat La Plana,Mancomunidad,Suport jurídic i gestió en matèria de personal,79631000,161843,Adjudicada,2026-06-16,,Baja,https://contrataciondelestado.es/sindicacion/licitacionesPerfilContratante/19914376,2026-09-17,Encaje directo por código CPV,,,
PL-2026.002,Fundació I-CERCA (Catalunya),Fundación,Serveis de gestoria i assessorament laboral,79631000,58500,En evaluación,2026-06-24,,Baja,https://contrataciondelestado.es/sindicacion/licitacionesPerfilContratante/19824638,2026-09-17,Encaje directo por código CPV,,,
A/SER-008695/2026,Hospital Universitario Ramón y Cajal,Universidad,Sistema de información integral para la digitalización de archivos,72000000,720250,En evaluación,2026-09-14,,Baja,https://contrataciondelestado.es/sindicacion/licitacionesPerfilContratante/20294268,2026-09-17,Detectada por el texto del objeto,,,
Exp. 1135/2026,Ajuntament de Caldes d'Estrac,Ayuntamiento,"Gestió de nòmines, fiscal i seguretat social del personal",79631000,65856,Abierta,2026-09-30,2,Media,https://contrataciondelestado.es/sindicacion/licitacionesPerfilContratante/20362834,2026-09-17,Encaje directo por código CPV,,,
2608MS01,Corporació Catalana de Mitjans Audiovisuals,Otro organismo público,Contractació de sistema de control horari,35125200,5040,Adjudicada,2026-09-08,,Baja,https://contrataciondelestado.es/sindicacion/licitacionesPerfilContratante/20358028,2026-09-17,Encaje directo por código CPV,,,
P10035865,Eusko Trenbideak (Ferrocarriles Vascos),Otro organismo público,Asistencia en materia de organización y recursos humanos,79414000,469200,Abierta,2026-07-09,-81,Media,https://contrataciondelestado.es/sindicacion/licitacionesPerfilContratante/19858334,2026-09-17,Detectada por el texto del objeto,,,
AZPGK/S/26-0009,AZPIEGITURAK (País Vasco),Otro organismo público,Asistencia a la dirección de servicios corporativos,79631000,99750,En evaluación,2026-07-01,,Baja,https://contrataciondelestado.es/sindicacion/licitacionesPerfilContratante/19882819,2026-09-17,Encaje directo por código CPV,,,
AJCOR0701142026,Ajuntament de Corbera de Llobregat,Ayuntamiento,Solució informàtica integral SaaS amb software i hardware,72263000,174828,Abierta,2026-06-25,-95,Media,https://contrataciondelestado.es/sindicacion/licitacionesPerfilContratante/19841513,2026-09-17,Detectada por el texto del objeto,,,
2026OB0019,Mercabarna (Mercados de Abastecimientos de Barcelona),Otro organismo público,Desarrollo e implantación de un sistema,48450000,370603,En evaluación,2026-09-07,,Baja,https://contrataciondelestado.es/sindicacion/licitacionesPerfilContratante/20265591,2026-09-17,Encaje directo por código CPV,,,
1445/2026,Ajuntament de Navàs,Ayuntamiento,Ús d'un software en modalitat SaaS,48450000,215854,Abierta,2026-07-28,-62,Media,https://contrataciondelestado.es/sindicacion/licitacionesPerfilContratante/20132943,2026-09-17,Encaje directo por código CPV,,,
2026SER81,Universitat de Lleida,Universidad,"Implantació, migració de dades i manteniment del sistema de gestió de persones",48450000,1200000,En evaluación,2026-09-07,,Baja,https://contrataciondelestado.es/sindicacion/licitacionesPerfilContratante/20194183,2026-09-17,Encaje directo por código CPV,,,
CTE Serveis 03/2026,Gavanenca Terrenys i Immobles,Otro organismo público,Serveis professionals d'assessoria i gestió laboral,79631000,14974,En evaluación,2026-07-21,,Baja,https://contrataciondelestado.es/sindicacion/licitacionesPerfilContratante/19968651,2026-09-17,Encaje directo por código CPV,,,
3111/2026,Ajuntament de la Seu d'Urgell,Ayuntamiento,Serveis SaaS per a la gestió de nòmines i portal de l'empleat,48000000,372428,Abierta,2026-10-14,16,Media,https://contrataciondelestado.es/sindicacion/licitacionesPerfilContratante/20430479,2026-09-17,Detectada por el texto del objeto,,,
2026/7322,Ajuntament de Tordera,Ayuntamiento,"Implantació, parametrització, migració de dades i formació",72200000,135954,Abierta,2026-07-14,-76,Media,https://contrataciondelestado.es/sindicacion/licitacionesPerfilContratante/19953279,2026-09-17,Detectada por el texto del objeto,,,
2026/0007303,Diputació de Barcelona,Diputación,"Manteniment correctiu i normatiu, desenvolupament de noves funcionalitats",72267000,897873,Resuelta,2026-06-04,,Baja,https://contrataciondelestado.es/sindicacion/licitacionesPerfilContratante/19600980,2026-09-17,Detectada por el texto del objeto,,,
UdG-2026-0012,Universitat de Girona,Universidad,Renovació del programari de control horari eTempo,48450000,3800,Abierta,2026-09-02,-26,Media,https://contrataciondelestado.es/sindicacion/licitacionesPerfilContratante/20132395,2026-09-17,Encaje directo por código CPV,,,
CO2026054RH,Ajuntament de Sant Joan Despí,Ayuntamiento,Cessió de dret d'ús de software i manteniment en modalitat SaaS,72611000,210945,Adjudicada,2026-07-31,,Baja,https://contrataciondelestado.es/sindicacion/licitacionesPerfilContratante/20422683,2026-09-17,Detectada por el texto del objeto,,,
2003_PL26/0015,NASERTIC (Navarra),Otro organismo público,Sistema integrado de control de presencia,48000000,215600,Adjudicada,,,Baja,https://contrataciondelestado.es/sindicacion/licitacionesPerfilContratante/19718960,2026-09-17,Detectada por el texto del objeto,,,
3167_2026/SCON-ASU/000008,Servicios de la Comarca de Pamplona,Otro organismo público,"Suscripción, soporte y evolución del sistema de nómina",72267000,262280,Resuelta,,,Baja,https://contrataciondelestado.es/sindicacion/licitacionesPerfilContratante/19611144,2026-09-17,Detectada por el texto del objeto,,,
BIS2026/015,Fundación BiscayTIK,Fundación,"Nuevos despliegues de los módulos de RRHH y Nóminas, Atari y BiscayTIME",72212900,360000,Resuelta,2026-06-02,,Baja,https://contrataciondelestado.es/sindicacion/licitacionesPerfilContratante/19709907,2026-09-17,Detectada por el texto del objeto,,,
061/26,Fomento de San Sebastián,Otro organismo público,Asesoría laboral para gestión y tramitación,79631000,59425,En evaluación,2026-09-03,,Baja,https://contrataciondelestado.es/sindicacion/licitacionesPerfilContratante/20318854,2026-09-17,Encaje directo por código CPV,,,
C174-2026-4116,Ajuntament de Premià de Mar,Ayuntamiento,"Gestión integral de los recursos humanos (nómina, control horario)",72268000,274285,Resuelta,2026-06-15,,Baja,https://contrataciondelestado.es/sindicacion/licitacionesPerfilContratante/19701231,2026-09-17,Detectada por el texto del objeto,,,
2782/2026,Ajuntament de l'Ametlla de Mar,Ayuntamiento,Manteniment i renovació del BPO de nòmines,79211110,77440,Resuelta,2026-06-23,,Baja,https://contrataciondelestado.es/sindicacion/licitacionesPerfilContratante/20384721,2026-09-17,Detectada por el texto del objeto,,,
X2026000545,Consorci del Parc Natural de Collserola,Consorcio,Servei de gestió de nòmines del personal,79631000,49587,Abierta,2026-09-25,-3,Media,https://contrataciondelestado.es/sindicacion/licitacionesPerfilContratante/20383916,2026-09-17,Encaje directo por código CPV,,,
1993/2025,Ajuntament de la Torre de Claramunt,Ayuntamiento,Adhesió a l'acord marc de l'ACM de control horari,35125200,10000,Resuelta,,,Baja,https://contrataciondelestado.es/sindicacion/licitacionesPerfilContratante/19858235,2026-09-17,Encaje directo por código CPV,,,
PA 21-26,Fundación Investigación Biomédica Hospital Clínico,Sanidad,Asesoramiento laboral y trabajos sociolaborales,79631000,499200,Abierta,2026-10-01,3,Media,https://contrataciondelestado.es/sindicacion/licitacionesPerfilContratante/20366461,2026-09-17,Encaje directo por código CPV,,,
2026/1166,Ajuntament de Sallent,Ayuntamiento,Subministrament d'una solució informàtica,48330000,136752,Abierta,2026-07-16,-74,Media,https://contrataciondelestado.es/sindicacion/licitacionesPerfilContratante/19968654,2026-09-17,Detectada por el texto del objeto,,,
EXPT26-00063,Sociedad Andaluza para el Desarrollo de las Telecomunicaciones,Otro organismo público,Apoyo técnico-administrativo en materia de gestión de personas,79631000,402397,Adjudicada,2026-08-28,,Baja,https://contrataciondelestado.es/sindicacion/licitacionesPerfilContratante/20171971,2026-09-17,Encaje directo por código CPV,,,
X2026000447,Ajuntament d'Amer,Ayuntamiento,Sistema de control horari i aparells de registre,35125200,6030,Abierta,2026-09-18,-10,Media,https://contrataciondelestado.es/sindicacion/licitacionesPerfilContratante/20368782,2026-09-17,Encaje directo por código CPV,,,
1431-7397/2025,Ajuntament de Montgat,Ayuntamiento,"Subministrament, instal·lació i manteniment d'un sistema d'informació",72265000,84402,Abierta,2026-08-25,-34,Media,https://contrataciondelestado.es/sindicacion/licitacionesPerfilContratante/20283722,2026-09-17,Detectada por el texto del objeto,,,
1865/2026,Ajuntament de Vallirana,Ayuntamiento,Consultoria i assessorament de RRHH,79414000,30000,Resuelta,2026-07-17,,Baja,https://contrataciondelestado.es/sindicacion/licitacionesPerfilContratante/19983058,2026-09-17,Detectada por el texto del objeto,,,
OSA-20/2026,Serveis Ambientals de Castelldefels,Otro organismo público,Llicència i implantació SaaS d'aplicació de gestió laboral,"79631000,48450000",47440,Abierta,2026-08-04,-55,Media,https://contrataciondelestado.es/sindicacion/licitacionesPerfilContratante/20132461,2026-09-17,Encaje directo por código CPV,,,
4715/2025,Ajuntament de Berga,Ayuntamiento,Implantació i manteniment d'una plataforma informàtica,48450000,166283,Resuelta,2026-05-04,,Baja,https://contrataciondelestado.es/sindicacion/licitacionesPerfilContratante/19516230,2026-09-17,Encaje directo por código CPV,,,
4025/2026,Ajuntament de Vila-seca,Ayuntamiento,Manteniment del programari núvol de gestió integral dels recursos humans,72262000,507384,Adjudicada,2026-08-04,,Baja,https://contrataciondelestado.es/sindicacion/licitacionesPerfilContratante/20371626,2026-09-17,Detectada por el texto del objeto,,,
SE 55/26,Universitat Rovira i Virgili,Universidad,Manteniment dels mòduls d'UNIVERSITAS XXI (inclou Recursos Humans),72267000,1510768,Resuelta,2026-07-07,,Baja,https://contrataciondelestado.es/sindicacion/licitacionesPerfilContratante/20251735,2026-09-17,Detectada por el texto del objeto,,,
CTTE1225,Tractament i Selecció de Residus,Otro organismo público,Acord marc de consultoria de recursos humans,79600000,200000,Abierta,2026-09-30,2,Media,https://contrataciondelestado.es/sindicacion/licitacionesPerfilContratante/20346783,2026-09-17,Detectada por el texto del objeto,,,
077_26000007,Consorci Mercat de les Flors,Consorcio,Servei integral de control horari,35125200,18800,Abierta,2026-09-23,-5,Media,https://contrataciondelestado.es/sindicacion/licitacionesPerfilContratante/20371776,2026-09-17,Encaje directo por código CPV,,,
5579/2026,Ajuntament de Palamós,Ayuntamiento,Programa informàtic per a la gestió integrada de Recursos Humans,48000000,199695,Abierta,2026-07-30,-60,Media,https://contrataciondelestado.es/sindicacion/licitacionesPerfilContratante/20132720,2026-09-17,Detectada por el texto del objeto,,,
X2026002981,Ajuntament de Sant Joan de Vilatorrada,Ayuntamiento,Contracte mixt de subministrament de gestió de personal,72263000,89454,En evaluación,2026-09-14,,Baja,https://contrataciondelestado.es/sindicacion/licitacionesPerfilContratante/20360869,2026-09-17,Detectada por el texto del objeto,,,
PCP-2606,IDIBELL,Otro organismo público,Externalització de la gestió de nòmines,79211110,186000,Resuelta,2026-04-09,,Baja,https://contrataciondelestado.es/sindicacion/licitacionesPerfilContratante/19269872,2026-09-17,Detectada por el texto del objeto,,,
2026/32/1403,Consell Comarcal del Gironès,Consell comarcal,Implantació i manteniment en modalitat de lloguer,48900000,17050,Consulta previa,,,Baja,https://contrataciondelestado.es/sindicacion/licitacionesPerfilContratante/20366376,2026-09-17,Detectada por el texto del objeto,,,
2026-07 ICN2,Institut Català de Nanociència i Nanotecnologia,Otro organismo público,Llicència i eina de gestió,72267000,76020,Adjudicada,2026-06-19,,Baja,https://contrataciondelestado.es/sindicacion/licitacionesPerfilContratante/19701078,2026-09-17,Detectada por el texto del objeto,,,
SI26003,Reus Serveis Municipals,Otro organismo público,Equips i servei integral de suport d'un sistema de control de presència,35125200,110640,Abierta,2026-09-28,0,Media,https://contrataciondelestado.es/sindicacion/licitacionesPerfilContratante/20364562,2026-09-17,Encaje directo por código CPV,,,
159/2026,Consorci d'Aigües de Tarragona,Consorcio,Consultoria especialitzada en Recursos Humans,79414000,42000,Abierta,2026-09-16,-12,Media,https://contrataciondelestado.es/sindicacion/licitacionesPerfilContratante/20364649,2026-09-17,Detectada por el texto del objeto,,,
160/2026,Consorci d'Aigües de Tarragona,Consorcio,Solució integral de gestió de recursos humans en modalitat SaaS,30211300,57750,Abierta,2026-09-16,-12,Media,https://contrataciondelestado.es/sindicacion/licitacionesPerfilContratante/20364650,2026-09-17,Detectada por el texto del objeto,,,
2608OB01,Corporació Catalana de Mitjans Audiovisuals,Otro organismo público,Contractació de solució de RRHH,48450000,3054779,Abierta,2026-10-09,11,Alta,https://contrataciondelestado.es/sindicacion/licitacionesPerfilContratante/20353383,2026-09-17,Encaje directo por código CPV,,,
X2026000965,Consell Comarcal del Pla de l'Estany,Consell comarcal,Llicències d'ús del programari de control horari,35125200,36749,En evaluación,2026-07-22,,Baja,https://contrataciondelestado.es/sindicacion/licitacionesPerfilContratante/19810611,2026-09-17,Encaje directo por código CPV,,,
2026/00000002B,Comu Sant Quirze del Vallès,Otro organismo público,Assessorament en gestió laboral,79631000,31680,Resuelta,,,Baja,https://contrataciondelestado.es/sindicacion/licitacionesPerfilContratante/18844827,2026-09-17,Encaje directo por código CPV,,,
X2026000638,Ajuntament de Sant Vicenç de Castellet,Ayuntamiento,"Implantació, ús i manteniment d'un software en modalitat SaaS",48450000,136000,Adjudicada,2026-05-08,,Baja,https://contrataciondelestado.es/sindicacion/licitacionesPerfilContratante/19554424,2026-09-17,Encaje directo por código CPV,,,
15013699,Transports de Barcelona (TMB),Empresa pública,Manteniment de Control de Presència i rellotges de marcatge,50312600,93210,Resuelta,2026-07-17,,Baja,https://contrataciondelestado.es/sindicacion/licitacionesPerfilContratante/20289587,2026-09-17,Detectada por el texto del objeto,,,
CONTR 2026 0000169792,Agencia Digital de Andalucía,Comunidad Autónoma,Desarrollo y gestión del sistema de control de presencia de la Junta,72262000,876174,Abierta,2026-08-26,-33,Media,https://contrataciondelestado.es/sindicacion/licitacionesPerfilContratante/20258706,2026-09-17,Detectada por el texto del objeto,,,
2025 2046,Ajuntament de Parets del Vallès,Ayuntamiento,Contractació promoguda pel departament de Recursos Humans,79414000,40000,Resuelta,2025-11-03,,Baja,https://contrataciondelestado.es/sindicacion/licitacionesPerfilContratante/18224331,2026-09-17,Detectada por el texto del objeto,,,
2026/0011669,Diputació de Barcelona,Diputación,Solució informàtica SaaS de gestió d'expedients,72267000,157519,Abierta,2026-10-15,17,Media,https://contrataciondelestado.es/sindicacion/licitacionesPerfilContratante/20360290,2026-09-17,Detectada por el texto del objeto,,,
8004330008-2025-0021924,Diputació de Tarragona,Diputación,Sistema de gestió del temps laboral per al personal,72416000,408707,Resuelta,2026-03-18,,Baja,https://contrataciondelestado.es/sindicacion/licitacionesPerfilContratante/18938306,2026-09-17,Detectada por el texto del objeto,,,
6/2026/CSOH,Ajuntament de Rubí,Ayuntamiento,Contracte mixt d'implantació i subscripció SaaS de control horari,"35125200,48450000",279466,Abierta,2026-09-29,1,Media,https://contrataciondelestado.es/sindicacion/licitacionesPerfilContratante/20353401,2026-09-17,Encaje directo por código CPV,,,
2026F038000006,Ajuntament de Salt,Ayuntamiento,Solució informàtica en modalitat SaaS,48450000,228405,Abierta,2026-07-31,-59,Media,https://contrataciondelestado.es/sindicacion/licitacionesPerfilContratante/19976182,2026-09-17,Encaje directo por código CPV,,,
2026/9678P,Ajuntament de Blanes,Ayuntamiento,"Implantació, ús i manteniment d'un software en modalitat SaaS",48450000,301506,Adjudicada,2026-08-03,,Baja,https://contrataciondelestado.es/sindicacion/licitacionesPerfilContratante/20133528,2026-09-17,Encaje directo por código CPV,,,
CO 14/2026,SECOMSA,Otro organismo público,Gestoria i assessorament laboral,79631000,306437,Abierta,2026-09-21,-7,Media,https://contrataciondelestado.es/sindicacion/licitacionesPerfilContratante/20331801,2026-09-17,Encaje directo por código CPV,,,
6012600105,Metro de Madrid,Empresa pública,Soporte y mantenimiento de la aplicación de gestión del talento,72267000,154400,Resuelta,,,Baja,https://contrataciondelestado.es/sindicacion/licitacionesPerfilContratante/19882908,2026-09-17,Detectada por el texto del objeto,,,
ACJ-2026-21,Agència Catalana de la Joventut,Otro organismo público,Servei de nòmina i gestió dels recursos humans,79631000,35000,Resuelta,2026-02-18,,Baja,https://contrataciondelestado.es/sindicacion/licitacionesPerfilContratante/18968652,2026-09-17,Encaje directo por código CPV,,,
CONTR 2025 0000528153,Servicio Andaluz de Salud,Sanidad,Mantenimiento de las soluciones digitales corporativas,72222300,29396808,Resuelta,2025-09-26,,Baja,https://contrataciondelestado.es/sindicacion/licitacionesPerfilContratante/17885924,2026-09-17,Detectada por el texto del objeto,,,
6259,LANTIK (Bizkaia),Otro organismo público,Soporte y mantenimiento del control de accesos y control horario de BEAZ,72267000,34500,Abierta,2026-07-17,-73,Media,https://contrataciondelestado.es/sindicacion/licitacionesPerfilContratante/19968628,2026-09-17,Detectada por el texto del objeto,,,
1005/2026,Ajuntament d'Ascó,Ayuntamiento,Gestoria i assessorament laboral i de Seguretat Social,79631000,120030,Resuelta,2026-05-21,,Baja,https://contrataciondelestado.es/sindicacion/licitacionesPerfilContratante/19649650,2026-09-17,Encaje directo por código CPV,,,
FIB 2025/029,Fundación Investigación Biomédica,Fundación,Asesoramiento y gestión laboral,79631000,93240,Resuelta,2025-06-23,,Baja,https://contrataciondelestado.es/sindicacion/licitacionesPerfilContratante/17423828,2026-09-17,Encaje directo por código CPV,,,
2026-028,Serveis Mediambientals de la Selva NORA,Otro organismo público,Llicències informàtiques i manteniment integral del software,72262000,13536,Resuelta,2026-07-02,,Baja,https://contrataciondelestado.es/sindicacion/licitacionesPerfilContratante/20289666,2026-09-17,Detectada por el texto del objeto,,,
2025/0043440,Organisme Autònom de Gestió Tributària,Otro organismo público,Migració de l'aplicació de gestió integral de recursos humans RHSP,"72212450,48450000",821549,Resuelta,2026-02-05,,Baja,https://contrataciondelestado.es/sindicacion/licitacionesPerfilContratante/18798226,2026-09-17,Encaje directo por código CPV,,,
ESP69/CSUC2218/C3,Universitat Oberta de Catalunya,Universidad,Eina tecnològica especialitzada per al procés de gestió,48000000,434875,Adjudicada,2026-07-09,,Baja,https://contrataciondelestado.es/sindicacion/licitacionesPerfilContratante/20258695,2026-09-17,Detectada por el texto del objeto,,,
2025 2044,Ajuntament de Parets del Vallès,Ayuntamiento,Contractació promoguda pel departament de Recursos Humans,80560000,77430,Resuelta,2025-08-04,,Baja,https://contrataciondelestado.es/sindicacion/licitacionesPerfilContratante/17698851,2026-09-17,Detectada por el texto del objeto,,,
8004330008-2026-0002518,Diputació de Tarragona,Diputación,Manteniment del programari de gestió de nòmines i recursos humans (Peoplenet),72200000,590806,Resuelta,2026-04-24,,Baja,https://contrataciondelestado.es/sindicacion/licitacionesPerfilContratante/20251643,2026-09-17,Detectada por el texto del objeto,,,
PcPG/2024/823997,AMTEGA (Galicia),Otro organismo público,"Desarrollo, soporte y mantenimiento de la plataforma",72200000,3998678,Resuelta,2024-12-09,,Baja,https://contrataciondelestado.es/sindicacion/licitacionesPerfilContratante/15981914,2026-09-17,Detectada por el texto del objeto,,,
POH-MX-IDI-2026-002,Institut de Diagnòstic per la Imatge,Otro organismo público,Implantació i subscripció SaaS de gestió de nòmines,79211110,732537,Resuelta,2026-05-25,,Baja,https://contrataciondelestado.es/sindicacion/licitacionesPerfilContratante/19569632,2026-09-17,Detectada por el texto del objeto,,,
3188_ABR0016/2026,Universidad (Rectorado),Universidad,Implantación y despliegue de una aplicación de gestión de personal,48000000,700000,Abierta,2026-08-03,-56,Media,https://contrataciondelestado.es/sindicacion/licitacionesPerfilContratante/19981526,2026-09-17,Detectada por el texto del objeto,,,
HM-2026-129,Consorci Mar Parc de Salut de Barcelona,Consorcio,Software per a la gestió de la selecció i reclutament,48450000,76721,Abierta,2026-08-19,-40,Media,https://contrataciondelestado.es/sindicacion/licitacionesPerfilContratante/20229421,2026-09-17,Encaje directo por código CPV,,,
8085_PL26_0012,Corporación Pública Empresarial de Navarra,Otro organismo público,Software gestión laboral 2026-2027,48450000,36964,Adjudicada,,,Baja,https://contrataciondelestado.es/sindicacion/licitacionesPerfilContratante/20229465,2026-09-17,Encaje directo por código CPV,,,
579/2025,Ajuntament de l'Arboç,Ayuntamiento,Suport tècnic professional en matèria de personal,79414000,22858,Resuelta,2026-04-24,,Baja,https://contrataciondelestado.es/sindicacion/licitacionesPerfilContratante/19424471,2026-09-17,Detectada por el texto del objeto,,,
X2025000065,Fundació Auditori Palau de Congressos de Girona,Fundación,Assessorament i gestió laboral,79631000,54275,Resuelta,2026-01-29,,Baja,https://contrataciondelestado.es/sindicacion/licitacionesPerfilContratante/18837872,2026-09-17,Encaje directo por código CPV,,,
X2026002503,Ajuntament de Premià de Dalt,Ayuntamiento,Programa informàtic per a la gestió integral de personal,35125200,166284,Adjudicada,2026-06-05,,Baja,https://contrataciondelestado.es/sindicacion/licitacionesPerfilContratante/19983111,2026-09-17,Encaje directo por código CPV,,,
X2026003312,Ajuntament de Santpedor,Ayuntamiento,Solució SaaS de control horari i gestió de personal,"35125200,48450000,72212450",101109,En evaluación,2026-08-17,,Baja,https://contrataciondelestado.es/sindicacion/licitacionesPerfilContratante/20193961,2026-09-17,Encaje directo por código CPV,,,
X2026000098,Consorci de l'Estany,Consorcio,Serveis generals en matèria laboral del personal,79631000,12801,Abierta,2026-07-14,-76,Media,https://contrataciondelestado.es/sindicacion/licitacionesPerfilContratante/19961000,2026-09-17,Encaje directo por código CPV,,,
2444/2026,Ajuntament d'Abrera,Ayuntamiento,Subministrament i manteniment d'un sistema d'informació de personal,72910000,108126,Resuelta,2026-06-15,,Baja,https://contrataciondelestado.es/sindicacion/licitacionesPerfilContratante/19889695,2026-09-17,Detectada por el texto del objeto,,,
01040603/2026/9,Ajuntament de Sant Pere de Ribes,Ayuntamiento,Suport per la migració del programari de personal,48450000,116658,Resuelta,2026-05-19,,Baja,https://contrataciondelestado.es/sindicacion/licitacionesPerfilContratante/20153247,2026-09-17,Encaje directo por código CPV,,,
03/2026,Residencia de ancianos de Basauri,Otro organismo público,Servicio de Asesoría Laboral,79631000,55200,Abierta,2026-07-09,-81,Media,https://contrataciondelestado.es/sindicacion/licitacionesPerfilContratante/19935180,2026-09-17,Encaje directo por código CPV,,,
3032/2026,Ajuntament de Santa Margarida i els Monjos,Ayuntamiento,Manteniment i allotjament cloud del control horari,72500000,12744,Resuelta,2026-07-02,,Baja,https://contrataciondelestado.es/sindicacion/licitacionesPerfilContratante/20153232,2026-09-17,Detectada por el texto del objeto,,,
AJT/145539/2025,Ajuntament de l'Hospitalet de Llobregat,Ayuntamiento,Subministrament i instal·lació de nous terminals de control horari,35125200,106241,Adjudicada,2026-06-11,,Baja,https://contrataciondelestado.es/sindicacion/licitacionesPerfilContratante/20147414,2026-09-17,Encaje directo por código CPV,,,
X2026000255,Ajuntament de Verges,Ayuntamiento,Contractació de serveis de gestió de personal,79211000,72400,Abierta,2026-08-11,-48,Media,https://contrataciondelestado.es/sindicacion/licitacionesPerfilContratante/20132092,2026-09-17,Detectada por el texto del objeto,,,
X2026000017,Ajuntament de Montmeló,Ayuntamiento,Contracte mixt d'implantació i subscripció SaaS,48450000,213996,Resuelta,2026-05-20,,Baja,https://contrataciondelestado.es/sindicacion/licitacionesPerfilContratante/19667618,2026-09-17,Encaje directo por código CPV,,,
2459/2026,Ajuntament del Morell,Ayuntamiento,"Llicència d'ús, suport i manteniment",48450000,138244,Resuelta,,,Baja,https://contrataciondelestado.es/sindicacion/licitacionesPerfilContratante/20132281,2026-09-17,Encaje directo por código CPV,,,
LICFP 26/26,Hospital de la Santa Creu i Sant Pau,Sanidad,Gestió administrativa laboral i assessorament,79631000,174793,Abierta,2026-08-05,-54,Media,https://contrataciondelestado.es/sindicacion/licitacionesPerfilContratante/20132308,2026-09-17,Encaje directo por código CPV,,,
CLILAB PN-2026-01,Consorci del Laboratori de l'Alt Penedès,Consorcio,Implantació del mòdul de Direcció per Objectius,72200000,164191,Resuelta,2026-05-05,,Baja,https://contrataciondelestado.es/sindicacion/licitacionesPerfilContratante/20132468,2026-09-17,Detectada por el texto del objeto,,,
X2026002222,Ajuntament de Vilassar de Mar,Ayuntamiento,Gestió de nòmines i assessorament,79414000,102333,Abierta,2026-08-05,-54,Media,https://contrataciondelestado.es/sindicacion/licitacionesPerfilContratante/20132507,2026-09-17,Detectada por el texto del objeto,,,
CONTR/2026/000000082,Institut d'Assistència Sanitària,Otro organismo público,Manteniment de llicències i consultoria del sistema de RRHH,72210000,111738,Resuelta,2026-07-06,,Baja,https://contrataciondelestado.es/sindicacion/licitacionesPerfilContratante/20132509,2026-09-17,Detectada por el texto del objeto,,,
2026/14992B,Ajuntament de Badalona,Ayuntamiento,Manteniment i suport de l'aplicació EPSILON RH,48450000,50861,Resuelta,2026-05-18,,Baja,https://contrataciondelestado.es/sindicacion/licitacionesPerfilContratante/20132516,2026-09-17,Encaje directo por código CPV,,,
G5038-000014/2026,Consell Comarcal de l'Alt Penedès,Consell comarcal,Servei integral de control horari,35125200,26730,Resuelta,2026-05-21,,Baja,https://contrataciondelestado.es/sindicacion/licitacionesPerfilContratante/19631190,2026-09-17,Encaje directo por código CPV,,,
2575/2025,Ajuntament de Teià,Ayuntamiento,Assessorament laboral i gestió de nòmines,79211110,45455,Abierta,2026-09-07,-21,Media,https://contrataciondelestado.es/sindicacion/licitacionesPerfilContratante/20133093,2026-09-17,Detectada por el texto del objeto,,,
B3202026000041,Ajuntament de Malgrat de Mar,Ayuntamiento,Serveis de gestoria,79414000,107016,Resuelta,2026-04-29,,Baja,https://contrataciondelestado.es/sindicacion/licitacionesPerfilContratante/19472640,2026-09-17,Detectada por el texto del objeto,,,
X2026000366,Ajuntament de Campdevànol,Ayuntamiento,Subministrament i manteniment d'un sistema de control horari,35125200,6510,Resuelta,2026-04-29,,Baja,https://contrataciondelestado.es/sindicacion/licitacionesPerfilContratante/19491005,2026-09-17,Encaje directo por código CPV,,,
2026/2431,Ajuntament de Cardedeu,Ayuntamiento,"Software, llicències i manteniment del programa de gestió de nòmines",72212450,63581,Resuelta,2026-04-29,,Baja,https://contrataciondelestado.es/sindicacion/licitacionesPerfilContratante/20133616,2026-09-17,Encaje directo por código CPV,,,
26.002,Fundació pel Foment de la Societat del Coneixement,Fundación,"Gestoria laboral, mercantil, fiscal i comptable",79631000,172800,En evaluación,2026-05-29,,Baja,https://contrataciondelestado.es/sindicacion/licitacionesPerfilContratante/20133619,2026-09-17,Encaje directo por código CPV,,,
2025/9707,Diputació de Girona,Diputación,Software en modalitat SaaS de gestió de personal,48450000,563480,Resuelta,2026-01-21,,Baja,https://contrataciondelestado.es/sindicacion/licitacionesPerfilContratante/18798545,2026-09-17,Encaje directo por código CPV,,,
EXPT26-00046,Sociedad Andaluza para el Desarrollo de las Telecomunicaciones,Otro organismo público,Acceso a la plataforma de gestión de RRHH en modalidad SaaS,72268000,89107,Resuelta,2026-06-29,,Baja,https://contrataciondelestado.es/sindicacion/licitacionesPerfilContratante/19866109,2026-09-17,Detectada por el texto del objeto,,,
PcPG/2026/828311,Concello de O Porriño,Ayuntamiento,Servicio de gestoría laboral y fiscal,79631000,57471,Resuelta,2026-06-26,,Baja,https://contrataciondelestado.es/sindicacion/licitacionesPerfilContratante/19858441,2026-09-17,Encaje directo por código CPV,,,
PcPG/2026/828606,Corporación de Servizos Audiovisuais de Galicia,Otro organismo público,Mantenimiento de la aplicación de RRHH Epsilon RH,72212450,86790,Resuelta,2026-07-10,,Baja,https://contrataciondelestado.es/sindicacion/licitacionesPerfilContratante/20018789,2026-09-17,Encaje directo por código CPV,,,
PcPG/2026/827712,Fundación Deporte Galego,Fundación,"Asesoramiento fiscal, laboral y contable",79631000,87911,Resuelta,2026-05-07,,Baja,https://contrataciondelestado.es/sindicacion/licitacionesPerfilContratante/19407598,2026-09-17,Encaje directo por código CPV,,,
PA 2/2026,Fundación Investigación Biomédica,Fundación,Asesoramiento laboral y trabajos socio-laborales,79631000,250461,Resuelta,2026-02-26,,Baja,https://contrataciondelestado.es/sindicacion/licitacionesPerfilContratante/18938391,2026-09-17,Encaje directo por código CPV,,,
P.A. 62/2023,Hospital Universitario La Paz,Universidad,Soporte técnico y funcional en el servicio de Recursos Humanos,72514300,459000,Resuelta,2024-03-11,,Baja,https://contrataciondelestado.es/sindicacion/licitacionesPerfilContratante/13969863,2026-09-17,Detectada por el texto del objeto,,,
PNSP 92/2026,"Sumar, serveis públics d'acció social de Catalunya",Otro organismo público,"Manteniment, suport tècnic i consultoria funcional",48219300,600811,Resuelta,2026-05-05,,Baja,https://contrataciondelestado.es/sindicacion/licitacionesPerfilContratante/19983033,2026-09-17,Detectada por el texto del objeto,,,
CONTR 2024 0001142995,Agencia de Medio Ambiente y Agua de Andalucía,Comunidad Autónoma,Implantación de plataforma de gestión de RRHH (AMAYA),35125200,4041394,Resuelta,2025-02-14,,Baja,https://contrataciondelestado.es/sindicacion/licitacionesPerfilContratante/16347956,2026-09-17,Encaje directo por código CPV,,,
COBS2026/028,Ajuntament de Sant Feliu de Guíxols,Ayuntamiento,Cessió d'ús i manteniment d'un sistema informàtic SaaS,72268000,641938,Resuelta,2026-07-30,,Baja,https://contrataciondelestado.es/sindicacion/licitacionesPerfilContratante/19975975,2026-09-17,Detectada por el texto del objeto,,,
81/2026/eAISSA,Organisme Municipal d'Assistència Integral,Otro organismo público,"Gestió de la nòmina, seguretat social i personal",79211110,131578,Resuelta,2026-04-24,,Baja,https://contrataciondelestado.es/sindicacion/licitacionesPerfilContratante/19375360,2026-09-17,Detectada por el texto del objeto,,,
S_2025_009,Fundación para el conocimiento Madri+d,Fundación,"Apoyo a la gestión del Área Económica, RRHH y Administración",79131000,56000,Resuelta,2025-07-24,,Baja,https://contrataciondelestado.es/sindicacion/licitacionesPerfilContratante/17640599,2026-09-17,Detectada por el texto del objeto,,,
CO 29/2025,SECOMSA,Otro organismo público,Gestoria i assessorament laboral,79631000,328860,Resuelta,2026-05-03,,Baja,https://contrataciondelestado.es/sindicacion/licitacionesPerfilContratante/19386842,2026-09-17,Encaje directo por código CPV,,,
X2025003457,Ajuntament de Sils,Ayuntamiento,Assessorament i gestió administrativa laboral,79414000,47923,Resuelta,2025-11-26,,Baja,https://contrataciondelestado.es/sindicacion/licitacionesPerfilContratante/18364356,2026-09-17,Detectada por el texto del objeto,,,
CONTR 2023 0000225896,Consorcio de Transporte Metropolitano de Málaga,Consorcio,Gestión laboral de las nóminas y contratos,79211110,16800,Resuelta,2023-05-09,,Baja,https://contrataciondelestado.es/sindicacion/licitacionesPerfilContratante/12609753,2026-09-17,Detectada por el texto del objeto,,,
6012200180,Metro de Madrid,Empresa pública,Mantenimiento de los sistemas de control de presencia y accesos,72267000,381962,Resuelta,2022-11-11,,Baja,https://contrataciondelestado.es/sindicacion/licitacionesPerfilContratante/11547918,2026-09-17,Detectada por el texto del objeto,,,
1647/2026,Ajuntament de Vilanova del Vallès,Ayuntamiento,Desenvolupament i implantació d'un portal de l'empleat,72000000,45540,Adjudicada,2026-06-02,,Baja,https://contrataciondelestado.es/sindicacion/licitacionesPerfilContratante/19701084,2026-09-17,Detectada por el texto del objeto,,,
LICIR 26/14,Institut de Recerca Hospital Sant Pau,Sanidad,Serveis relatius a la gestió de personal,79631000,99000,Resuelta,2026-04-01,,Baja,https://contrataciondelestado.es/sindicacion/licitacionesPerfilContratante/19261897,2026-09-17,Encaje directo por código CPV,,,
2026/49,Ajuntament de Guissona,Ayuntamiento,Dispositiu per control horari del personal municipal,30200000,8252,Adjudicada,,,Baja,https://contrataciondelestado.es/sindicacion/licitacionesPerfilContratante/19935064,2026-09-17,Detectada por el texto del objeto,,,
3273,Consorcio de Aguas Bilbao Bizkaia,Consorcio,Renovación del mantenimiento de equipos y software de control horario,42961100,45000,Adjudicada,2026-06-15,,Baja,https://contrataciondelestado.es/sindicacion/licitacionesPerfilContratante/19875939,2026-09-17,Detectada por el texto del objeto,,,
PAS 25-2026,Fundación Investigación Biomédica,Fundación,Servicio de control horario,72268000,46160,Resuelta,2026-03-25,,Baja,https://contrataciondelestado.es/sindicacion/licitacionesPerfilContratante/19192425,2026-09-17,Detectada por el texto del objeto,,,
AP/ESP70/CSUC2218/C3,Universitat Oberta de Catalunya,Universidad,Informació prèvia: adquisició de plataforma de personal,48000000,1935000,Consulta previa,,,Baja,https://contrataciondelestado.es/sindicacion/licitacionesPerfilContratante/19896976,2026-09-17,Detectada por el texto del objeto,,,
4586/2026,Ayuntamiento de Daganzo de Arriba,Ayuntamiento,"Mixto Suministro y Servicios para la Implantación, Soporte y Mantenimiento de Plataforma Integral de Recursos Humanos, Nóminas y Control Horario (CONC-341)","72416000, 79211110, 72267100",159599,Abierta,2026-10-02,4,Media,https://contrataciondelestado.es/sindicacion/licitacionesPerfilContratante/20446859,2026-09-21,Detectada por el texto del objeto. Encaje de producto directo: RRHH + nóminas + control horario.,,,
CON/2026/52,"Mancomunidad de Cangas de Onís, Amieva y Onís",Mancomunidad,"Servicios de asesoría laboral, gestión de nóminas y seguros sociales de la Mancomunidad de los concejos de Cangas de Onís, Amieva y Onís","79631000, 79211110, 79222000",5535,Resuelta,2026-08-26,,Baja,https://contrataciondelestado.es/sindicacion/licitacionesPerfilContratante/20287828,2026-09-21,"Encaje directo por código CPV 79631. Servicio de gestoría externa, no software.",,,
SERV/CONT2026000052,Ayuntamiento de Almassora,Ayuntamiento,Servicio de NÓMINAS y RPT en la nube,"79414000, 79211110",2421,Resuelta,2026-07-16,,Baja,https://contrataciondelestado.es/sindicacion/licitacionesPerfilContratante/19965158,2026-09-21,Detectada por el texto del objeto. Solución en la nube.,,,
IMT CTO 003-2024,Instituto Municipal de Turismo de Córdoba (IMTUR),Otro organismo público,"Servicio de asesoramiento, gestión laboral y de nóminas para el Instituto Municipal de Turismo de Córdoba",79211110,4066,Resuelta,2024-04-08,,Baja,https://contrataciondelestado.es/sindicacion/licitacionesPerfilContratante/14598898,2026-09-21,Detectada por el texto del objeto. Expediente antiguo republicado en el feed esta semana.,,,
36480/2025,Ayuntamiento de Orihuela,Ayuntamiento,Gestión de nóminas y seguros sociales del personal municipal y del Servicio de Limpieza Viaria y RSU.,79211110,201313,Abierta,2026-10-15,17,Media,https://contrataciondelestado.es/sindicacion/licitacionesPerfilContratante/20434721,2026-09-21,Detectada por el texto del objeto.,,,
255/2026,"Sumar, Serveis Públics d'Acció Social de Catalunya",Empresa pública,"Subministrament d'un programari per a la gestió de la selecció i el reclutament de personal per SUMAR, inclosa la implementació de la plataforma i el servei de consultes.","72610000, 48451000, 48450000",42000,Abierta,2026-10-05,7,Media,https://contrataciondelestado.es/sindicacion/PlataformasAgregadasSinMenores/20463731,2026-09-21,Encaje directo por CPV 48450/48451. Software de selección y reclutamiento. Importe tomado del valor estimado (el feed de plataformas agregadas no trae importe).,,,
BIS2026/023,Fundación BiscayTIK,Fundación,"Servicio de soporte a usuarios y administración del módulo de RRHH, Nóminas y Portal del empleado",72000000,1170000,Abierta,2026-10-02,4,Media,https://contrataciondelestado.es/sindicacion/PlataformasAgregadasSinMenores/20463751,2026-09-21,Detectada por el texto del objeto. Importe tomado del valor estimado. Contrato de importe alto.,,,
2026/415,Patronat de Turisme Costa Brava Girona,Empresa pública,"Servei d'assessorament fiscal i laboral al Patronat de Turisme Costa Brava Girona, SA.","79411000, 79631000, 79220000",82840,Abierta,2026-10-02,4,Media,https://contrataciondelestado.es/sindicacion/PlataformasAgregadasSinMenores/20450467,2026-09-21,Encaje por CPV 79631. Importe tomado del valor estimado. OJO: la fecha que da el feed (2028-12-31) parece fin de contrato y no cierre de plazo; verificar en el expediente.,,,
HIL/2023/02/F/0001,Gerencia del Hospital Intermutual de Levante,Sanidad,Sistema Dinámico de Adquisición para el desarrollo de servicios formativos y adquisición de productos en materia de Recursos Humanos en el Hospital Intermutual de Levante,"98000000, 72000000, 79414000, 80500000",986150,En evaluación,2027-03-28,,Baja,https://contrataciondelestado.es/sindicacion/licitacionesPerfilContratante/12042232,2026-09-28,Detectada por el texto del objeto,,,
21/2026,Presidència de la Fundació Institut Socioeducatiu s'Estel,Fundación,"Servicio de asesoramiento, de gestión laboral y de Seguridad Social de la Fundació Institut Socioeducatiu S´Estel (FISE).","79211110, 79631000",44781,Abierta,2026-10-07,9,Alta,https://contrataciondelestado.es/sindicacion/licitacionesPerfilContratante/20545233,2026-09-28,Encaje directo por código CPV,,,
CS 26/2026,Alcaldía del Ayuntamiento de Torrejón del Rey,Ayuntamiento,Asistencia técnica laboral,79631000,16190,En evaluación,2026-09-14,,Baja,https://contrataciondelestado.es/sindicacion/licitacionesPerfilContratante/20499325,2026-09-28,Encaje directo por código CPV,,,
1640/2026,Junta de Gobierno del Ayuntamiento de Torrelodones,Ayuntamiento,Implantación y mantenimiento de un sistema informático para la gestión de nóminas del Ayuntamiento de Torrelodones,"48000000, 72268000, 48450000, 72227000",95072,Adjudicada,2026-07-20,,Baja,https://contrataciondelestado.es/sindicacion/licitacionesPerfilContratante/19979473,2026-09-28,Encaje directo por código CPV,,,
CC 32/2026,Presidencia del Consejo de Administración de la Empresa Provincial de Aguas de Córdoba S.A.,Empresa pública,Suministro de Licencias de Microsoft Business Central,48451000,55425,Abierta,2026-10-07,9,Alta,https://contrataciondelestado.es/sindicacion/licitacionesPerfilContratante/20545459,2026-09-28,"Encaje directo por código CPV Encaje por CPV de ERP (48451), pero el objeto es licencias de Microsoft Business Central: no es RRHH. Verificar antes de llamar.",,,
2026/7883,Junta de Gobierno Local del Ayuntamiento de Palencia,Ayuntamiento,"Sistema informático para la gestión integral de los recursos humanos del Ayuntamiento de Palencia, control horario y confección de la nómina, Plantilla Orgánica (plazas), RPT y presupuesto de personal, incluyendo la migración de datos, así como el servicio de su mantenimiento y soporte.",72600000,272453,Abierta,2026-10-21,23,Media,https://contrataciondelestado.es/sindicacion/licitacionesPerfilContratante/20542528,2026-09-28,Detectada por el texto del objeto,,,
2027/2025,Alcaldía del Ayuntamiento de El Tanque,Ayuntamiento,Servicios de asesoría laboral y gestión de nominas y seguros sociales del Ayuntamiento de El Tanque.,"79211110, 79111000, 79631000",28955,Adjudicada,2026-06-11,,Baja,https://contrataciondelestado.es/sindicacion/licitacionesPerfilContratante/19762818,2026-09-28,Encaje directo por código CPV,,,
CON-4686,Junta de Gobierno del Ayuntamiento de Guadalajara,Ayuntamiento,"Servicio de implantación y mantenimiento del software de gestión de nóminas, portal de las personas y control de presencia, portal de gestión de oferta de empleo público en modalidad Cloud o en la nube, con apoyo en el ciclo de nómina.","79414000, 72224000, 72253000, 72267100",592392,En evaluación,2026-08-03,,Baja,https://contrataciondelestado.es/sindicacion/licitacionesPerfilContratante/19988217,2026-09-28,Detectada por el texto del objeto,,,
73/2026,Junta de Gobierno del Ayuntamiento de Valdemoro,Ayuntamiento,"Contratación de una solución informática que englobe la gestión de Recursos Humanos, Nómina, Portal del Empleado y Control de Presencia del Ayuntamiento de Valdemoro, en modalidad SaaS.","72500000, 48450000, 72267000, 48000000, 48900000, 72267100",277171,En evaluación,2026-09-21,,Baja,https://contrataciondelestado.es/sindicacion/licitacionesPerfilContratante/20139188,2026-09-28,Encaje directo por código CPV,,,
3962/2024,Junta de Gobierno del Ayuntamiento Sant Joan D Alacant,Ayuntamiento,Contrato mixto de mantenimiento y actualización de los productos software. Programa Nómina y Gestión de Recursos Humanos.,"72260000, 72266000, 72267000",84894,Resuelta,2024-09-18,,Baja,https://contrataciondelestado.es/sindicacion/licitacionesPerfilContratante/15589730,2026-09-28,Detectada por el texto del objeto,,,
2026/040108-42,Junta de Gobierno de la Diputación Provincial de Valladolid,Diputación,"Sistema informático para la gestión integral de los recursos humanos, control horario y confección de la nómina de la Diputación Provincial y entidades dependientes","48000000, 72267100, 72268000, 80510000, 72227000, 72000000, 72265000, 72267000",410313,Abierta,2026-10-20,22,Media,https://contrataciondelestado.es/sindicacion/licitacionesPerfilContratante/20480503,2026-09-28,Detectada por el texto del objeto,,,
306/26,Rectorado de la Universidad de Vigo,Universidad,Servicio de soporte técnico del programa de gestión de rrhh y nómina (PEOPLENET),72000000,39887,Resuelta,2026-06-09,,Baja,https://contrataciondelestado.es/sindicacion/licitacionesPerfilContratante/19753668,2026-09-28,Detectada por el texto del objeto,,,
AYT/14473/2025,Alcaldía del Ayuntamiento de Avilés,Ayuntamiento,El Servicio de mantenimiento de la plataforma de recursos humanos EPSILON,72500000,27365,Adjudicada,2026-07-10,,Baja,https://contrataciondelestado.es/sindicacion/licitacionesPerfilContratante/20480659,2026-09-28,Detectada por el texto del objeto,,,
1039/2022 SISTEMA INTEGRAL DE NOMINAS,Junta de Gobierno del Ayuntamiento de Monforte del Cid,Ayuntamiento,"Suministro, instalación, configuración, migración de datos, formación a usuarios, pruebas y puesta en producción de un sistema integral de gestión municipal de nóminas, incluyendo el posterior mantenimiento de la aplicación.","48611000, 48931000",51240,En evaluación,2023-01-09,,Baja,https://contrataciondelestado.es/sindicacion/licitacionesPerfilContratante/11801529,2026-09-28,Detectada por el texto del objeto,,,
DC-SOAYC-000721-M,"ENUSA Industrias Avanzadas S.A., S.M.E.",Otro organismo público,"Adenda a Aplicación informática (software) para la gestión de todos los procesos de emisión de certificados digitales corporativos y de los procesos de firma interna y externa corporativos de la empresa ENUSA Industrias Avanzadas S.A., S.M.E","79132000, 48451000, 72000000",61710,Resuelta,,,Baja,https://contrataciondelestado.es/sindicacion/licitacionesPerfilContratante/20480696,2026-09-28,"Encaje directo por código CPV Encaje por CPV de ERP (48451); el objeto es firma electrónica, no RRHH. Informativo.",,,
2026/RJUC-SERV/10,Alcaldía del Ayuntamiento de Aldaia,Ayuntamiento,Contrato de servicios de confección y distribución de entradas para el TAMA y el Teatre del Mercat (Ticketing),"63512000, 79952100, 48480000",12100,En evaluación,2026-06-25,,Baja,https://contrataciondelestado.es/sindicacion/licitacionesPerfilContratante/19846103,2026-09-28,"Encaje directo por código CPV Encaje solo por CPV 48480; el objeto es ticketing de teatro, no RRHH. Informativo.",,,
PASO2026/22/SERV (1852995E),Alcaldia del Ayuntamiento de Pinoso,Ayuntamiento,Servicio asesoramiento jurídico y defensa judicial del Ayuntamiento de Pinoso en materia laboral y de función Pública,"79111000, 79112000, 79631000",36300,Adjudicada,2026-07-17,,Baja,https://contrataciondelestado.es/sindicacion/licitacionesPerfilContratante/19972076,2026-09-28,Encaje directo por código CPV,,,
CEA3701/2026,Dirección General de Racionalización y Centralización de la Contratación-Junta de Contratación Centralizada,Otro organismo público,Desarrollo de un módulo de carga automática para la gestión de nóminas para el CSN (Consejo de Seguridad Nuclear),72000000,35714,Resuelta,,,Baja,https://contrataciondelestado.es/sindicacion/licitacionesPerfilContratante/20481425,2026-09-28,Detectada por el texto del objeto,,,
3493 2026 Control Presencia,Junta de Gobierno del Ayuntamiento de Villaquilambre,Ayuntamiento,"Ampliación, actualización y adaptación a la nueva normativa el control de presencia del Ayuntamiento de Villaquilambre.","48000000, 72500000, 35125200, 72268000",21154,En evaluación,2026-08-18,,Baja,https://contrataciondelestado.es/sindicacion/licitacionesPerfilContratante/20232210,2026-09-28,Encaje directo por código CPV,,,
17600/2025,Ajuntament de Salou,Ayuntamiento,"Subministrament de llicències en modalitat SaaS del programari de gestió de Recursos humans GC-Epsilon-RH i del portal del empleat, amb servei de suport a l'usuari i suport estès per a formació i configuració del producte.",48450000,121120,Adjudicada,2026-08-14,,Baja,https://contrataciondelestado.es/sindicacion/PlataformasAgregadasSinMenores/20558236,2026-09-28,Encaje directo por código CPV Importe tomado del valor estimado.,,,
233787E,Ajuntament de Torroella de Montgrí,Ayuntamiento,Contracte administratiu de serveis de suport jurídic a l'Ajuntament que inclourà el suport al servei de RRHH i la gestió administrativa laboral i fiscal de les nòmines del personal municipal.,79211110,87740,En evaluación,2026-09-16,,Baja,https://contrataciondelestado.es/sindicacion/PlataformasAgregadasSinMenores/20422713,2026-09-28,Detectada por el texto del objeto Importe tomado del valor estimado.,,,
3229_3229_3229-10-2026-Asesoría y gestión laboral,AYUNTAMIENTO DE AOIZ,Ayuntamiento,Contrato de prestación del servicio de gestoría y asesoramiento laboral del Ayuntamiento de Aoiz,79631000,20000,Abierta,2026-10-12,14,Alta,https://contrataciondelestado.es/sindicacion/PlataformasAgregadasSinMenores/20558287,2026-09-28,Encaje directo por código CPV Importe tomado del valor estimado.,,,
21/2025/SMSQV/CO,"Serveis Municipals Sant Quirze, SL",Otro organismo público,"Serveis d'assessorament, assistència tècnica i gestió en matèria tributària, financera, comptable, administrativa, contractual, laboral i de protecció de dades dels exercicis 2025-2027 de SQVaigua.","79631000, 79211110, 79212100, 66171000, 79111000",142416,En evaluación,2025-10-20,,Baja,https://contrataciondelestado.es/sindicacion/PlataformasAgregadasSinMenores/18028165,2026-09-28,Encaje directo por código CPV Importe tomado del valor estimado.,,,
1977/2026,Consell Comarcal de l'Anoia,Otro organismo público,"Contractació d'una empresa professional de serveis que elabori la Valoració i Relació de llocs de Treball del Consell Comarcal de l'Anoia, amb anàlisi de la plantilla i adequació de l'estructura retributiva i de RRHH.",79414000,33025,Abierta,2026-10-09,11,Media,https://contrataciondelestado.es/sindicacion/PlataformasAgregadasSinMenores/20558748,2026-09-28,Detectada por el texto del objeto Importe tomado del valor estimado.,,,
731/2026,Ajuntament de Cervera,Ayuntamiento,Contractació per a la prestació del servei de col·laboració en la gestió de personal funcionari i laboral de la Paeria de Cervera,"79414000, 79222000, 79211110, 79631000, 79110000",114893,Abierta,2026-10-07,9,Alta,https://contrataciondelestado.es/sindicacion/PlataformasAgregadasSinMenores/20485149,2026-09-28,Encaje directo por código CPV Importe tomado del valor estimado.,,,
CTTC-2026-44,Centre Tecnològic de Telecomunicacions de Catalunya (CTTC),Otro organismo público,"Servei relatiu a la gestió integral de l'assessorament laboral, l'administració de personal i la gestió de nòmines per al Centre Tecnològic de Telecomunicacions de Catalunya - CTTC",79211110,72000,Abierta,2026-10-07,9,Media,https://contrataciondelestado.es/sindicacion/PlataformasAgregadasSinMenores/20493810,2026-09-28,Detectada por el texto del objeto Importe tomado del valor estimado.,,,
CONTR 2026 0000204927,Agencia de Obra Pública de la Junta de Andalucía (AOPJA),Otro organismo público,"GGI0329OSV0 Asesoramiento jurídico laboral, en gestión de personal y RRHH","79111000, 79414000",160819,En evaluación,2026-07-27,,Baja,https://contrataciondelestado.es/sindicacion/PlataformasAgregadasSinMenores/19904295,2026-09-28,Detectada por el texto del objeto Importe tomado del valor estimado.,,,
PcPG/2026/829174,Concello de Nigrán,Ayuntamiento,"Suministro e instalación con mantenimiento y soporte de un sistema integral de contabilidad, recaudación y nóminas","72267100, 72416000, 72000000, 72268000",388200,Abierta,2026-10-23,25,Media,https://contrataciondelestado.es/sindicacion/PlataformasAgregadasSinMenores/20486651,2026-09-28,Detectada por el texto del objeto Importe tomado del valor estimado.,,,
X2026001092,Ajuntament de Cassà de la Selva,Ayuntamiento,"Subministrament, instal·lació, parametrització i manteniment d'un sistema d'informació per a la gestió integrada dels recursos humans (nòmines i Seguretat Social) de l'Ajuntament de Cassà de la Selva, amb migració de dades, formació i suport.","72265000, 72910000, 72263000, 48000000, 72415000",75900,Abierta,2026-10-06,8,Media,https://contrataciondelestado.es/sindicacion/PlataformasAgregadasSinMenores/20486667,2026-09-28,Detectada por el texto del objeto Importe tomado del valor estimado.,,,
